{
  "type": {
    "description": "the type of wine .",
    "typt": "categorical",
    "missing_ratio": 0.0,
    "target_bin_avg": null
  },
  "fixed_acidity": {
    "description": "Most acids involved with wine are fixed or nonvolatile (do not evaporate readily).",
    "type": "numerical",
    "missing_ratio": 0.0017957927142124167,
    "min": 3.8,
    "max": 15.9,
    "mean": 7.193523515805706,
    "std": 1.248999269605528,
    "skewness": 1.6845066951095893,
    "kurtosis": 5.341678414144495,
    "outlier_ratio_3sigma": 0.015163197121562581,
    "num_modes_estimated": 4,
    "target_bin_avg": [
      0.2623376623376623,
      0.17888563049853373,
      0.2040133779264214,
      0.24493927125506074,
      0.1791044776119403,
      0.2225705329153605,
      0.2483221476510067,
      0.1326530612244898,
      0.1330049261083744,
      0.15517241379310345
    ]
  },
  "volatile_acidity": {
    "description": "The amount of acetic acid in wine, which at too high of levels can lead to an unpleasant vinegar taste.",
    "type": "numerical",
    "missing_ratio": 0.0012827090815802976,
    "min": 0.08,
    "max": 1.58,
    "mean": 0.33961083996917546,
    "std": 0.1643924591723167,
    "skewness": 1.5396250363687682,
    "kurtosis": 3.222867439598052,
    "outlier_ratio_3sigma": 0.014127921911122528,
    "num_modes_estimated": 4,
    "target_bin_avg": [
      0.2932098765432099,
      0.3002832861189802,
      0.19708029197080293,
      0.19956140350877194,
      0.14950166112956811,
      0.21855670103092784,
      0.2413793103448276,
      0.1885245901639344,
      0.15165876777251186,
      0.04522613065326633
    ]
  },
  "citric_acid": {
    "description": "Found in small quantities, citric acid can add freshness and flavor to wines.",
    "type": "numerical",
    "missing_ratio": 0.0007696254489481786,
    "min": 0.0,
    "max": 1.66,
    "mean": 0.3184852374839538,
    "std": 0.14640080397143002,
    "skewness": 0.6278117254343535,
    "kurtosis": 3.4668826840442164,
    "outlier_ratio_3sigma": 0.005648267008985879,
    "num_modes_estimated": 6,
    "target_bin_avg": [
      0.07671957671957672,
      0.08333333333333333,
      0.14754098360655737,
      0.24579831932773108,
      0.2627118644067797,
      0.308584686774942,
      0.26136363636363635,
      0.2325,
      0.19519519519519518,
      0.14107883817427386
    ]
  },
  "residual_sugar": {
    "description": "The amount of sugar remaining after fermentation stops. Wines with greater than 45 grams/liter are considered sweet.",
    "type": "numerical",
    "missing_ratio": 0.000513083632632119,
    "min": 0.6,
    "max": 65.8,
    "mean": 5.451347535934291,
    "std": 4.776281133889121,
    "skewness": 1.5884314083781563,
    "kurtosis": 6.6631221784640395,
    "outlier_ratio_3sigma": 0.004363449691991786,
    "num_modes_estimated": 4,
    "target_bin_avg": [
      0.1935483870967742,
      0.2096069868995633,
      0.181058495821727,
      0.17391304347826086,
      0.22429906542056074,
      0.30917874396135264,
      0.2210796915167095,
      0.15206185567010308,
      0.12467532467532468,
      0.16120906801007556
    ]
  },
  "chlorides": {
    "description": "The amount of salt in the wine.",
    "type": "numerical",
    "missing_ratio": 0.0,
    "min": 0.012,
    "max": 0.61,
    "mean": 0.055660082093381226,
    "std": 0.03390668037080536,
    "skewness": 5.307593067870648,
    "kurtosis": 50.5476950899268,
    "outlier_ratio_3sigma": 0.015135967162647512,
    "num_modes_estimated": 11,
    "target_bin_avg": [
      0.4451219512195122,
      0.3835978835978836,
      0.2976190476190476,
      0.15201900237529692,
      0.15223880597014924,
      0.12679425837320574,
      0.13910761154855644,
      0.1643192488262911,
      0.08247422680412371,
      0.06947890818858561
    ]
  },
  "free_sulfur_dioxide": {
    "description": "The free form of SO2 exists in equilibrium between molecular SO2 and bisulfite ion. It prevents microbial growth and wine oxidation.",
    "type": "numerical",
    "missing_ratio": 0.0,
    "min": 2.0,
    "max": 289.0,
    "mean": 30.70574653668548,
    "std": 17.917435963057578,
    "skewness": 1.5464747244393644,
    "kurtosis": 12.240251915189894,
    "outlier_ratio_3sigma": 0.006413545407901488,
    "num_modes_estimated": 6,
    "target_bin_avg": [
      0.13212435233160622,
      0.1793478260869565,
      0.1580246913580247,
      0.17065868263473055,
      0.2235294117647059,
      0.2857142857142857,
      0.24780701754385964,
      0.239067055393586,
      0.20608899297423888,
      0.12623762376237624
    ]
  },
  "total_sulfur_dioxide": {
    "description": "Amount of free and bound forms of SO2; above 50 ppm it becomes evident in the nose and taste of wine.",
    "type": "numerical",
    "missing_ratio": 0.0,
    "min": 6.0,
    "max": 440.0,
    "mean": 117.17265264238071,
    "std": 56.54232793706763,
    "skewness": 0.017183846398965905,
    "kurtosis": -0.26223580117964085,
    "outlier_ratio_3sigma": 0.0012827090815802976,
    "num_modes_estimated": 4,
    "target_bin_avg": [
      0.19638242894056848,
      0.10416666666666667,
      0.21818181818181817,
      0.28211586901763225,
      0.2668463611859838,
      0.2706766917293233,
      0.24744897959183673,
      0.175,
      0.11917098445595854,
      0.08816120906801007
    ]
  },
  "density": {
    "description": "The density of the wine, depending on alcohol and sugar content.",
    "type": "numerical",
    "missing_ratio": 0.0,
    "min": 0.98713,
    "max": 1.03898,
    "mean": 0.9946729925602872,
    "std": 0.0029991056603282146,
    "skewness": 0.7853516987089935,
    "kurtosis": 11.221957889941175,
    "outlier_ratio_3sigma": 0.000513083632632119,
    "num_modes_estimated": 2,
    "target_bin_avg": [
      0.4961439588688946,
      0.391644908616188,
      0.24456521739130435,
      0.1867007672634271,
      0.16028708133971292,
      0.1279373368146214,
      0.06683804627249357,
      0.07848101265822785,
      0.07989690721649484,
      0.1446700507614213
    ]
  },
  "pH": {
    "description": "Describes how acidic or basic a wine is on a scale from 0 (very acidic) to 14 (very basic). Most wines are between 3-4.",
    "type": "numerical",
    "missing_ratio": 0.0015392508978963571,
    "min": 2.74,
    "max": 4.01,
    "mean": 3.2197790339157244,
    "std": 0.16181317297307524,
    "skewness": 0.40443899985579207,
    "kurtosis": 0.3461916960122031,
    "outlier_ratio_3sigma": 0.0051387461459403904,
    "num_modes_estimated": 1,
    "target_bin_avg": [
      0.18980169971671387,
      0.168141592920354,
      0.18414918414918416,
      0.19194312796208532,
      0.1763157894736842,
      0.16842105263157894,
      0.228643216080402,
      0.2154696132596685,
      0.25968109339407747,
      0.1717948717948718
    ]
  },
  "sulphates": {
    "description": "A wine additive which can contribute to sulfur dioxide levels, acting as an antimicrobial and antioxidant.",
    "type": "numerical",
    "missing_ratio": 0.0007696254489481786,
    "min": 0.22,
    "max": 2.0,
    "mean": 0.5316097560975609,
    "std": 0.1462060928250425,
    "skewness": 1.7194693857974557,
    "kurtosis": 8.114803119217392,
    "outlier_ratio_3sigma": 0.010526315789473684,
    "num_modes_estimated": 5,
    "target_bin_avg": [
      0.22371967654986524,
      0.21890547263681592,
      0.20408163265306123,
      0.12727272727272726,
      0.1782178217821782,
      0.141643059490085,
      0.14883720930232558,
      0.20631067961165048,
      0.21227621483375958,
      0.30445544554455445
    ]
  },
  "alcohol": {
    "description": "The percent alcohol content of the wine.",
    "type": "numerical",
    "missing_ratio": 0.0,
    "min": 8.0,