{
  "frequency": {
    "description": "Frequency (Hz)",
    "type": "numerical",
    "missing_ratio": 0.0,
    "min": 200.0,
    "max": 20000.0,
    "mean": 2778.3296337402885,
    "std": 3108.7128742542627,
    "skewness": 2.3175916860603194,
    "kurtosis": 7.008698851626181,
    "outlier_ratio_3sigma": 0.025527192008879023,
    "num_modes_estimated": 4,
    "target_bin_avg": [
      125.28096341463416,
      127.03072222222221,
      127.55414035087719,
      128.5679758064516,
      128.62124561403508,
      126.79544961240309,
      124.90147368421053,
      123.90455714285713,
      121.70363809523809,
      119.66480000000001
    ]
  },
  "attack_angle": {
    "description": "Attack angle (deg)",
    "type": "numerical",
    "missing_ratio": 0.0,
    "min": 0.0,
    "max": 22.2,
    "mean": 6.658046614872363,
    "std": 5.961511195628371,
    "skewness": 0.7318547856688578,
    "kurtosis": -0.36903974762422775,
    "outlier_ratio_3sigma": 0.0,
    "num_modes_estimated": 2,
    "target_bin_avg": [
      125.77285018726593,
      125.56432530120482,
      125.64173626373625,
      125.82944943820225,
      126.24040963855421,
      125.43140449438202,
      123.26898113207548,
      122.49012903225807
    ]
  },
  "chord_length": {
    "description": "Chord length (m)",
    "type": "numerical",
    "missing_ratio": 0.0,
    "min": 0.0254,
    "max": 0.3048,
    "mean": 0.14084173140954495,
    "std": 0.09487741348649731,
    "skewness": 0.3876684064083666,
    "kurtosis": -1.1298500136814935,
    "outlier_ratio_3sigma": 0.0,
    "num_modes_estimated": 5,
    "target_bin_avg": [
      127.10911180124224,
      126.82722794117647,
      126.56880392156862,
      123.58450632911392,
      123.31195563139931
    ]
  },
  "free_stream_velocity": {
    "description": "Free-stream velocity (m/s)",
    "type": "numerical",
    "missing_ratio": 0.0,
    "min": 31.7,
    "max": 71.3,
    "mean": 50.96015538290788,
    "std": 15.67645366565362,
    "skewness": 0.2252608666877385,
    "kurtosis": -1.5838518100640984,
    "outlier_ratio_3sigma": 0.0,
    "num_modes_estimated": 2,
    "target_bin_avg": [
      124.48987058823529,
      124.3705874125874,
      125.8462606741573
    ]
  },
  "suction_side_displacement_thickness": {
    "description": "Suction side displacement thickness (m)",
    "type": "numerical",
    "missing_ratio": 0.0,
    "min": 0.000400682,
    "max": 0.0584113,
    "mean": 0.010876177607103217,
    "std": 0.012697261957923442,
    "skewness": 1.6938207907638756,
    "kurtosis": 2.1940065266120845,
    "outlier_ratio_3sigma": 0.016648168701442843,
    "num_modes_estimated": 2,
    "target_bin_avg": [
      130.3026590909091,
      127.14618681318682,
      125.01100000000001,
      122.69598876404494,
      125.59720689655173,
      125.69698888888888,
      125.47105681818181,
      125.10598969072166,
      123.46042391304348,
      120.90357142857144
    ]
  }
}