{
  "PassengerId": {
    "description": "Unique identifier for each passenger",
    "type": "id"
  },
  "Pclass": {
    "description": "Ticket class (1 = 1st, 2 = 2nd, 3 = 3rd)",
    "type": "categorical",
    "values": [
      "3.0",
      "1.0",
      "2.0"
    ],
    "missing_ratio": 0.0,
    "n_unique": 3,
    "value_frequencies": [
      313,
      124,
      97
    ],
    "target_bin_avg": [
      0.6290322580645161,
      0.3195121951219512
    ]
  },
  "Name": {
    "description": "Passenger's name (891 unique values)",
    "type": "text"
  },
  "Sex": {
    "description": "Gender of the passenger (male, female)",
    "type": "categorical",
    "values": [
      "male",
      "female"
    ],
    "missing_ratio": 0.0,
    "n_unique": 2,
    "value_frequencies": [
      349,
      185
    ],
    "target_bin_avg": null
  },
  "Age": {
    "description": "Age of the passenger in years",
    "type": "numerical",
    "missing_ratio": 0.20037453183520598,
    "min": 0.42,
    "max": 80.0,
    "mean": 29.409648711943795,
    "std": 14.366607266031911,
    "skewness": 0.331243283814076,
    "kurtosis": 0.26036212865691866,
    "outlier_ratio_3sigma": 0.00468384074941452,
    "num_modes_estimated": 2,
    "target_bin_avg": [
      0.5952380952380952,
      0.375,
      0.3409090909090909,
      0.475,
      0.3783783783783784,
      0.35294117647058826,
      0.5,
      0.42857142857142855,
      0.3404255319148936,
      0.4222222222222222
    ]
  },
  "SibSp": {
    "description": "Number of siblings or spouses aboard",
    "type": "numerical",
    "missing_ratio": 0.0,
    "min": 0.0,
    "max": 8.0,
    "mean": 0.4812734082397004,
    "std": 1.038935028117688,
    "skewness": 3.6925620827722097,
    "kurtosis": 18.138035754242082,
    "outlier_ratio_3sigma": 0.031835205992509365,
    "num_modes_estimated": 5,
    "target_bin_avg": [
      0.3413333333333333,
      0.5094339622641509
    ]
  },
  "Parch": {
    "description": "Number of parents or children aboard",
    "type": "numerical",
    "missing_ratio": 0.0,
    "min": 0.0,
    "max": 6.0,
    "mean": 0.33707865168539325,
    "std": 0.7468832584026979,
    "skewness": 2.806421696821711,
    "kurtosis": 10.71010190652341,
    "outlier_ratio_3sigma": 0.013108614232209739,
    "num_modes_estimated": 6,
    "target_bin_avg": [
      0.36666666666666664,
      0.4824561403508772
    ]
  },
  "Ticket": {
    "description": "Ticket number (681 unique values)",
    "type": "text",
    "missing_ratio": 0.0,
    "target_bin_avg": null
  },
  "Fare": {
    "description": "Passenger fare",
    "type": "numerical",
    "missing_ratio": 0.0,
    "min": 0.0,
    "max": 512.3292,
    "mean": 30.64247771535581,
    "std": 49.195599077413036,
    "skewness": 5.163235761342275,
    "kurtosis": 38.341253133562624,
    "outlier_ratio_3sigma": 0.018726591760299626,
    "num_modes_estimated": 2,
    "target_bin_avg": [
      0.16666666666666666,
      0.27450980392156865,
      0.2,
      0.203125,
      0.4722222222222222,
      0.4264705882352941,
      0.5178571428571429,
      0.4716981132075472,
      0.4716981132075472,
      0.7222222222222222
    ]
  },
  "Cabin": {
    "description": "Cabin number (many missing values)",
    "type": "text",
    "missing_ratio": 0.7752808988764045,
    "target_bin_avg": null
  },
  "Embarked": {
    "description": "Port of embarkation (C = Cherbourg, Q = Queenstown, S = Southampton)",
    "type": "categorical",
    "values": [
      "S",
      "C",
      "Q"
    ],
    "missing_ratio": 0.0,
    "n_unique": 3,
    "value_frequencies": [
      389,
      98,
      47
    ],
    "target_bin_avg": null
  }
}