{
  "Pregnancies": {
    "description": "Number of times pregnant",
    "type": "categorical",
    "missing_ratio": 0.0,
    "n_unique": 17,
    "values": [
      "1.0",
      "0.0",
      "2.0",
      "3.0",
      "4.0",
      "5.0",
      "6.0",
      "7.0",
      "8.0",
      "9.0",
      "10.0",
      "11.0",
      "12.0",
      "13.0",
      "14.0",
      "15.0",
      "17.0"
    ],
    "value_frequencies": [
      90,
      62,
      57,
      49,
      38,
      37,
      33,
      25,
      22,
      17,
      15,
      6,
      3,
      2,
      2,
      1,
      1
    ],
    "target_bin_avg": [
      0.3548387096774194,
      0.23333333333333334,
      0.21052631578947367,
      0.3673469387755102,
      0.2894736842105263,
      0.37142857142857144,
      0.6595744680851063,
      0.5319148936170213
    ]
  },
  "Glucose": {
    "description": "Plasma glucose concentration at 2 hours in an oral glucose tolerance test",
    "type": "numerical",
    "missing_ratio": 0.0,
    "min": 0.0,
    "max": 199.0,
    "mean": 121.71521739130435,
    "std": 32.037005205964824,
    "skewness": 0.18313955426689035,
    "kurtosis": 0.786161313299178,
    "outlier_ratio_3sigma": 0.006521739130434782,
    "num_modes_estimated": 1,
    "target_bin_avg": [
      0.07142857142857142,
      0.10638297872340426,
      0.14583333333333334,
      0.2558139534883721,
      0.3333333333333333,
      0.29545454545454547,
      0.3958333333333333,
      0.46808510638297873,
      0.6170212765957447,
      0.8913043478260869
    ]
  },
  "BloodPressure": {
    "description": "Diastolic blood pressure (mm Hg)",
    "type": "numerical",
    "missing_ratio": 0.0,
    "min": 0.0,
    "max": 122.0,
    "mean": 70.11739130434782,
    "std": 17.202222893646997,
    "skewness": -1.903708088229497,
    "kurtosis": 6.494935347851527,
    "outlier_ratio_3sigma": 0.03260869565217391,
    "num_modes_estimated": 3,
    "target_bin_avg": [
      0.325,
      0.16666666666666666,
      0.23076923076923078,
      0.3,
      0.40540540540540543,
      0.4583333333333333,
      0.46774193548387094,
      0.3090909090909091,
      0.5,
      0.4583333333333333
    ]
  },
  "SkinThickness": {
    "description": "Triceps skin fold thickness (mm)",
    "type": "numerical",
    "missing_ratio": 0.0,
    "min": 0.0,
    "max": 63.0,
    "mean": 20.741304347826087,
    "std": 15.462246890571626,
    "skewness": -0.0518879470309561,
    "kurtosis": -1.1067314186287194,
    "outlier_ratio_3sigma": 0.0,
    "num_modes_estimated": 2,
    "target_bin_avg": [
      0.39416058394160586,
      0.17073170731707318,
      0.23255813953488372,
      0.2727272727272727,
      0.3157894736842105,
      0.4,
      0.45098039215686275,
      0.5217391304347826
    ]
  },
  "Insulin": {
    "description": "2-Hour serum insulin (mu U/ml)",
    "type": "numerical",
    "missing_ratio": 0.0,
    "min": 0.0,
    "max": 846.0,
    "mean": 80.5391304347826,
    "std": 116.43239125538479,
    "skewness": 2.4928502945558217,
    "kurtosis": 8.8733074336423,
    "outlier_ratio_3sigma": 0.02826086956521739,
    "num_modes_estimated": 4,
    "target_bin_avg": [
      0.3826086956521739,
      0.044444444444444446,
      0.15555555555555556,
      0.3829787234042553,
      0.5434782608695652,
      0.5531914893617021
    ]
  },
  "BMI": {
    "description": "Body mass index (weight in kg/(height in m)^2)",
    "type": "numerical",
    "missing_ratio": 0.0,
    "min": 0.0,
    "max": 59.4,
    "mean": 31.97434782608696,
    "std": 7.556808427123426,
    "skewness": -0.37094892484330244,
    "kurtosis": 2.6621550601988946,
    "outlier_ratio_3sigma": 0.015217391304347827,
    "num_modes_estimated": 1,
    "target_bin_avg": [
      0.06521739130434782,
      0.13043478260869565,
      0.21739130434782608,
      0.28888888888888886,
      0.47619047619047616,
      0.3404255319148936,
      0.5102040816326531,
      0.46808510638297873,
      0.45652173913043476,
      0.6521739130434783
    ]
  },
  "DiabetesPedigreeFunction": {
    "description": "Diabetes pedigree function",
    "type": "numerical",
    "missing_ratio": 0.0,
    "min": 0.078,
    "max": 2.42,
    "mean": 0.4739760869565217,
    "std": 0.35015874002767683,
    "skewness": 2.1940773598641545,
    "kurtosis": 6.941876995687892,
    "outlier_ratio_3sigma": 0.017391304347826087,
    "num_modes_estimated": 3,
    "target_bin_avg": [
      0.2,
      0.2765957446808511,
      0.37777777777777777,
      0.30434782608695654,
      0.425531914893617,
      0.2608695652173913,
      0.4222222222222222,
      0.3829787234042553,
      0.4782608695652174,
      0.4782608695652174
    ]
  },
  "Age": {
    "description": "Age (years)",
    "type": "numerical",
    "missing_ratio": 0.0,
    "min": 21.0,
    "max": 81.0,
    "mean": 33.030434782608694,
    "std": 11.664852698666031,
    "skewness": 1.1525323253096293,
    "kurtosis": 0.81015912236245,
    "outlier_ratio_3sigma": 0.006521739130434782,
    "num_modes_estimated": 2,
    "target_bin_avg": [
      0.10256410256410256,
      0.18604651162790697,
      0.11538461538461539,
      0.3548387096774194,
      0.2459016393442623,
      0.42857142857142855,
      0.5,
      0.48936170212765956,
      0.6382978723404256,
      0.5434782608695652
    ]
  }
}