{
  "season": {
    "description": "Season",
    "type": "numerical",
    "missing_count": 0,
    "min": 1.0,
    "max": 4.0,
    "mean": 2.5013906205044596,
    "std": 1.1123674700620316,
    "missing_ratio": 0.0,
    "skewness": -0.006634913749378403,
    "kurtosis": -1.346883568453401,
    "outlier_ratio_3sigma": 0.0,
    "num_modes_estimated": 2,
    "target_bin_avg": [
      109.94846958543201,
      211.07491356127545,
      218.09784474537477
    ]
  },
  "yr": {
    "description": "Year",
    "type": "numerical",
    "missing_count": 0,
    "min": 0.0,
    "max": 1.0,
    "mean": 0.4991848086697996,
    "std": 0.5000233133710937,
    "missing_ratio": 0.0,
    "skewness": 0.0032612388263478695,
    "kurtosis": -2.0003730921350824,
    "outlier_ratio_3sigma": 0.0,
    "num_modes_estimated": 0,
    "target_bin_avg": [
      189.574374220773
    ]
  },
  "mnth": {
    "description": "Month",
    "type": "numerical",
    "missing_count": 0,
    "min": 1.0,
    "max": 12.0,
    "mean": 6.531121127841182,
    "std": 3.451017181220236,
    "missing_ratio": 0.0,
    "skewness": -0.009434523345057249,
    "kurtosis": -1.215617415184575,
    "outlier_ratio_3sigma": 0.0,
    "num_modes_estimated": 10,
    "target_bin_avg": [
      94.0221187427241,
      108.91408114558473,
      155.38105975197294,
      187.010550996483,
      235.47289504036908,
      227.65947786606128,
      242.195177956372,
      237.0172018348624,
      222.2552693208431,
      163.66647919010123
    ]
  },
  "hr": {
    "description": "Hour of the day",
    "type": "numerical",
    "missing_count": 0,
    "min": 0.0,
    "max": 23.0,
    "mean": 11.51050158243023,
    "std": 6.899400442100526,
    "missing_ratio": 0.0,
    "skewness": -0.0039010842378878847,
    "kurtosis": -1.1965741818086766,
    "outlier_ratio_3sigma": 0.0,
    "num_modes_estimated": 3,
    "target_bin_avg": [
      42.745724059293046,
      17.763505402160863,
      34.724244771494966,
      287.11208791208793,
      193.74827586206897,
      238.44950645406226,
      245.8603550295858,
      398.70099923136047,
      268.70424107142856,
      130.91375291375292
    ]
  },
  "holiday": {
    "description": "Whether the day is a holiday",
    "type": "numerical",
    "missing_count": 0,
    "min": 0.0,
    "max": 1.0,
    "mean": 0.027908314951568043,
    "std": 0.16471807127022317,
    "missing_ratio": 0.0,
    "skewness": 5.733217376277049,
    "kurtosis": 30.875703707189203,
    "outlier_ratio_3sigma": 0.027908314951568043,
    "num_modes_estimated": 0,
    "target_bin_avg": [
      189.574374220773
    ]
  },
  "weekday": {
    "description": "Day of the week",
    "type": "numerical",
    "missing_count": 0,
    "min": 0.0,
    "max": 6.0,
    "mean": 3.008439627889134,
    "std": 2.0138894580766276,
    "missing_ratio": 0.0,
    "skewness": -0.002097940241843681,
    "kurtosis": -1.262413534258758,
    "outlier_ratio_3sigma": 0.0,
    "num_modes_estimated": 7,
    "target_bin_avg": [
      174.68341044282883,
      182.84745762711864,
      188.34682860998652,
      192.98976109215016,
      202.49184782608697,
      192.96953642384105
    ]
  },
  "workingday": {
    "description": "Whether the day is a working day (not weekend/holiday)",
    "type": "numerical",
    "missing_count": 0,
    "min": 0.0,
    "max": 1.0,
    "mean": 0.6786228061762731,
    "std": 0.467027634497876,
    "missing_ratio": 0.0,
    "skewness": -0.7650813833858477,
    "kurtosis": -1.4149219093778744,
    "outlier_ratio_3sigma": 0.0,
    "num_modes_estimated": 0,
    "target_bin_avg": [
      189.574374220773
    ]
  },
  "weathersit": {
    "description": "Weather situation (from clear to severe)",
    "type": "numerical",
    "missing_count": 0,
    "min": 1.0,
    "max": 4.0,
    "mean": 1.428982449410185,
    "std": 0.640275087133598,
    "missing_ratio": 0.0,
    "skewness": 1.2160424919773898,
    "kurtosis": 0.33357583330624774,
    "outlier_ratio_3sigma": 0.00028771458712956746,
    "num_modes_estimated": 2,
    "target_bin_avg": [
      204.89502275730436,
      160.71681415929203
    ]
  },
  "temp": {
    "description": "Normalized temperature in Celsius",
    "type": "numerical",
    "missing_count": 0,
    "min": 0.02,
    "max": 1.0,
    "mean": 0.49516255874172826,
    "std": 0.19323430688883392,
    "missing_ratio": 0.0,
    "skewness": 0.0019456895750472746,
    "kurtosis": -0.9592110690476843,
    "outlier_ratio_3sigma": 0.0,
    "num_modes_estimated": 3,
    "target_bin_avg": [
      67.91629955947137,
      89.54922894424674,
      127.39965694682675,
      162.79664363277394,
      167.32940108892922,
      201.45896656534956,
      226.58103638368246,
      216.94560994560996,
      263.89373007438894,
      321.9120188531029
    ]
  },
  "atemp": {
    "description": "Normalized feeling temperature in Celsius",
    "type": "numerical",
    "missing_count": 0,
    "min": 0.0,
    "max": 0.9848,
    "mean": 0.47421217991752185,
    "std": 0.1724275025633695,
    "missing_ratio": 0.0,
    "skewness": -0.08035750600538369,
    "kurtosis": -0.8614229474461266,
    "outlier_ratio_3sigma": 0.0,
    "num_modes_estimated": 4,
    "target_bin_avg": [
      73.73111782477342,
      96.37737843551797,
      132.7908163265306,
      157.24489795918367,
      167.32940108892922,
      196.7609756097561,
      176.35587489433644,
      282.5412371134021,
      290.6865671641791,
      302.3594339622642
    ]
  },
  "hum": {
    "description": "Normalized humidity",
    "type": "numerical",
    "missing_count": 0,
    "min": 0.0,
    "max": 1.0,
    "mean": 0.6281212237460438,
    "std": 0.19339052198390655,
    "missing_ratio": 0.0,
    "skewness": -0.11100795226199851,
    "kurtosis": -0.8452069027177407,
    "outlier_ratio_3sigma": 0.0011508583485182698,
    "num_modes_estimated": 3,
    "target_bin_avg": [
      288.5456389452333,
      267.35288169868556,
      227.18385650224215,
      214.78220574606118,
      206.38004032258064,
      186.2429696287964,
      165.486574450773,
      141.13882863340564,
      119.22722513089005,
      98.37922895357985
    ]
  },
  "windspeed": {
    "description": "Normalized wind speed",
    "type": "numerical",
    "missing_count": 0,
    "min": 0.0,
    "max": 0.8507,
    "mean": 0.19051174834564114,
    "std": 0.1225149505907157,
    "missing_ratio": 0.0,
    "skewness": 0.5953927628014176,
    "kurtosis": 0.6903972724070173,
    "outlier_ratio_3sigma": 0.006042006329720917,
    "num_modes_estimated": 3,
    "target_bin_avg": [
      158.51276102088167,
      156.56143250688706,
      184.8239234449761,
      202.5014985014985,
      211.48333333333332,
      213.10344827586206,
      216.89256756756757,
      207.10603290676417
    ]
  }
}