{
  "variance": {
    "description": "Variance of Wavelet Transformed image",
    "type": "numerical",
    "missing_ratio": 0.0,
    "min": -7.0364,
    "max": 6.8248,
    "mean": 0.45814711798298907,
    "std": 2.7883815135964194,
    "skewness": -0.1613669980970847,
    "kurtosis": -0.6892136610023458,
    "outlier_ratio_3sigma": 0.0,
    "num_modes_estimated": 3,
    "target_bin_avg": [
      0.9879518072289156,
      0.7926829268292683,
      0.7926829268292683,
      0.8048780487804879,
      0.4878048780487805,
      0.2891566265060241,
      0.24390243902439024,
      0.0,
      0.0,
      0.0
    ]
  },
  "skewness": {
    "description": "Skewness of Wavelet Transformed image",
    "type": "numerical",
    "missing_ratio": 0.0,
    "min": -13.7731,
    "max": 12.9516,
    "mean": 2.1632256652699877,
    "std": 5.867793823551596,
    "skewness": -0.46005939516700656,
    "kurtosis": -0.3838499621506286,
    "outlier_ratio_3sigma": 0.0,
    "num_modes_estimated": 2,
    "target_bin_avg": [
      0.963855421686747,
      0.4634146341463415,
      0.5609756097560976,
      0.5365853658536586,
      0.4878048780487805,
      0.6144578313253012,
      0.49382716049382713,
      0.13253012048192772,
      0.13414634146341464,
      0.012048192771084338
    ]
  },
  "curtosis": {
    "description": "Curtosis of Wavelet Transformed image",
    "type": "numerical",
    "missing_ratio": 0.0,
    "min": -5.2861,
    "max": 17.9274,
    "mean": 1.2740087306196843,
    "std": 4.271961887473367,
    "skewness": 1.1023701465173301,
    "kurtosis": 1.227148440314144,
    "outlier_ratio_3sigma": 0.013365735115431349,
    "num_modes_estimated": 1,
    "target_bin_avg": [
      0.4578313253012048,
      0.43902439024390244,
      0.4024390243902439,
      0.573170731707317,
      0.4024390243902439,
      0.30120481927710846,
      0.23170731707317074,
      0.2804878048780488,
      0.45121951219512196,
      0.8554216867469879
    ]
  },
  "entropy": {
    "description": "Entropy of image",
    "type": "numerical",
    "missing_ratio": 0.0,
    "min": -8.5482,
    "max": 2.4495,
    "mean": -1.2056581247873632,
    "std": 2.1261982753967166,
    "skewness": -1.012961918146049,
    "kurtosis": 0.4578853248353645,
    "outlier_ratio_3sigma": 0.006075334143377886,
    "num_modes_estimated": 2,
    "target_bin_avg": [
      0.37349397590361444,
      0.45121951219512196,
      0.524390243902439,
      0.4634146341463415,
      0.4878048780487805,
      0.42168674698795183,
      0.5,
      0.43902439024390244,
      0.34146341463414637,
      0.39759036144578314
    ]
  }
}