{
  "Sex": {
    "description": "Gender of the Crab - Male, Female and Indeterminate.",
    "type": "categorical",
    "missing_count": 0,
    "missing_ratio": 0.0,
    "n_unique": 3,
    "values": [
      "M",
      "I",
      "F"
    ],
    "value_frequencies": [
      878,
      743,
      714
    ],
    "target_bin_avg": null
  },
  "Length": {
    "description": "Length of the Crab (in Feet; 1 foot = 30.48 cms)",
    "type": "numerical",
    "missing_count": 0,
    "min": 0.1875,
    "max": 2.0375,
    "mean": 1.313340471092077,
    "std": 0.3043529310716054,
    "missing_ratio": 0.0,
    "skewness": -0.6778965489647207,
    "kurtosis": 0.15139060008168048,
    "outlier_ratio_3sigma": 0.005139186295503212,
    "num_modes_estimated": 1,
    "target_bin_avg": [
      5.932735426008969,
      7.765432098765432,
      8.995633187772926,
      9.929203539823009,
      10.380952380952381,
      11.069565217391304,
      10.75925925925926,
      10.961977186311787,
      11.433962264150944,
      11.931297709923664
    ]
  },
  "Diameter": {
    "description": "Diameter of the Crab (in Feet; 1 foot = 30.48 cms)",
    "type": "numerical",
    "missing_count": 0,
    "min": 0.1375,
    "max": 1.625,
    "mean": 1.0218683083511777,
    "std": 0.2503883066234371,
    "missing_ratio": 0.0,
    "skewness": -0.6461574076639106,
    "kurtosis": 0.028781112648081475,
    "outlier_ratio_3sigma": 0.003854389721627409,
    "num_modes_estimated": 1,
    "target_bin_avg": [
      5.964285714285714,
      7.608294930875576,
      8.940677966101696,
      9.596,
      10.855813953488372,
      10.602870813397129,
      10.875536480686696,
      10.958015267175572,
      11.368852459016393,
      12.204081632653061
    ]
  },
  "Height": {
    "description": "Height of the Crab (in Feet; 1 foot = 30.48 cms)",
    "type": "numerical",
    "missing_count": 0,
    "min": 0.0,
    "max": 0.625,
    "mean": 0.34896145610278373,
    "std": 0.09703864222711721,
    "missing_ratio": 0.0,
    "skewness": -0.3178503047538211,
    "kurtosis": -0.026035799440410567,
    "outlier_ratio_3sigma": 0.0021413276231263384,
    "num_modes_estimated": 1,
    "target_bin_avg": [
      5.957264957264957,
      7.530612244897959,
      8.717277486910994,
      9.277777777777779,
      10.072100313479623,
      10.467289719626168,
      10.726315789473684,
      11.21311475409836,
      11.606382978723405,
      12.53061224489796
    ]
  },
  "Weight": {
    "description": "Weight of the Crab (in ounces; 1 Pound = 16 ounces)",
    "type": "numerical",
    "missing_count": 0,
    "min": 0.056699,
    "max": 80.10151225,
    "mean": 23.716299328201284,
    "std": 13.97755138627748,
    "missing_ratio": 0.0,
    "skewness": 0.5058665926389202,
    "kurtosis": -0.018759719553725684,
    "outlier_ratio_3sigma": 0.004710920770877944,
    "num_modes_estimated": 2,
    "target_bin_avg": [
      5.948497854077253,
      7.802575107296137,
      8.854700854700855,
      9.669527896995708,
      10.48068669527897,
      10.604255319148937,
      11.34763948497854,
      11.034188034188034,
      11.390557939914164,
      12.273504273504274
    ]
  },
  "Shucked_Weight": {
    "description": "Weight without the shell (in ounces; 1 Pound = 16 ounces)",
    "type": "numerical",
    "missing_count": 0,
    "min": 0.0283495,
    "max": 42.184056,
    "mean": 10.279158396038543,
    "std": 6.354648693363234,
    "missing_ratio": 0.0,
    "skewness": 0.7165380515091089,
    "kurtosis": 0.6705372021603884,
    "outlier_ratio_3sigma": 0.008565310492505354,
    "num_modes_estimated": 3,
    "target_bin_avg": [
      6.07725321888412,
      8.064102564102564,
      9.420600858369099,
      9.837606837606838,
      10.703862660944205,
      11.2008547008547,
      10.768240343347639,
      10.805194805194805,
      11.01271186440678,
      11.521367521367521
    ]
  },
  "Viscera_Weight": {
    "description": "Viscera weight around abdominal organs (in ounces; 1 Pound = 16 ounces)",
    "type": "numerical",
    "missing_count": 0,
    "min": 0.01417475,
    "max": 21.54562,
    "mean": 5.1852753139186305,
    "std": 3.148341657793223,
    "missing_ratio": 0.0,
    "skewness": 0.5620511645080966,
    "kurtosis": 0.07530050893963924,
    "outlier_ratio_3sigma": 0.002569593147751606,
    "num_modes_estimated": 2,
    "target_bin_avg": [
      5.965811965811966,
      7.808695652173913,
      8.84322033898305,
      10.052173913043479,
      10.370689655172415,
      10.869747899159664,
      11.038461538461538,
      11.192307692307692,
      11.491379310344827,
      11.757446808510638
    ]
  },
  "Shell_Weight": {
    "description": "Weight of the Shell (in ounces; 1 Pound = 16 ounces)",
    "type": "numerical",
    "missing_count": 0,
    "min": 0.04252425,
    "max": 25.4295015,
    "mean": 6.82886034104925,
    "std": 3.9458271110379037,
    "missing_ratio": 0.0,
    "skewness": 0.5532406944452265,
    "kurtosis": 0.322535022369165,
    "outlier_ratio_3sigma": 0.006423982869379015,
    "num_modes_estimated": 2,
    "target_bin_avg": [
      5.9094827586206895,
      7.583690987124464,
      8.694915254237289,
      9.437768240343347,
      10.137440758293838,
      10.57421875,
      10.950226244343892,
      11.169491525423728,
      11.908713692946058,
      12.940677966101696
    ]
  }
}